{"issues":[{"type":"UNSUPPORTED_FUNCTIONALITY","level":"WARNING","sourceJobType":"PACKAGE","functionality":"DATA_EXTENSION_TEMPLATE","templateName":"TriggeredSendDataExtension"}],"originID":"f936e17d-9d57-ee11-ba4f-5cba2c1a5e00","originEID":"mct6rml2nry3jr00sn45m52yfvq1","data":{"categoryId":"{{mcpm#/entities/categories/16427/data/id}}","customObjectTemplateName":"TriggeredSendDataExtension","dataRetentionProperties":{"isDeleteAtEndOfRetentionPeriod":false,"isResetRetentionPeriodOnImport":false,"isRowBasedRetention":false,"rowBasedThreshold":500000000},"description":"To send Preference center URL for already registered subscribers","isFieldAdditionAllowed":true,"isFieldModificationAllowed":true,"isObjectDeletable":true,"isSendable":true,"isTestable":false,"name":"Already_Registered","sendableCustomObjectField":"SubscriberKey","sendableSubscriberField":"_SubscriberKey","fields":[{"description":"","isHidden":false,"isInheritable":true,"isOverridable":true,"isNullable":false,"isPrimaryKey":false,"isReadOnly":false,"isTemplateField":true,"length":254,"masktype":"None","mustOverride":false,"name":"SubscriberKey","ordinal":1,"type":"Text"},{"description":"","isHidden":false,"isInheritable":true,"isOverridable":true,"isNullable":false,"isPrimaryKey":false,"isReadOnly":false,"isTemplateField":true,"length":254,"masktype":"None","mustOverride":false,"name":"EmailAddress","ordinal":2,"type":"EmailAddress"},{"defaultValue":"GetDate()","description":"","isHidden":false,"isInheritable":false,"isOverridable":false,"isNullable":true,"isPrimaryKey":false,"isReadOnly":false,"isTemplateField":false,"masktype":"None","mustOverride":false,"name":"CreatedDate","ordinal":3,"type":"Date"},{"defaultValue":"friend","description":"","isHidden":false,"isInheritable":true,"isOverridable":true,"isNullable":true,"isPrimaryKey":false,"isReadOnly":false,"isTemplateField":false,"length":100,"masktype":"None","mustOverride":false,"name":"Name","ordinal":4,"type":"Text"}]}}