{"cloudPageCollections/140":[],"dataExtensions/f936e17d-9d57-ee11-ba4f-5cba2c1a5e00":[{"identifier":"categories/16427","relationship":"required"}],"categories/16427":[{"identifier":"categories/7680","relationship":"required"}],"categories/7680":[],"assets/42044":[{"identifier":"assets/15852","relationship":"required"},{"identifier":"assets/18208","relationship":"required"},{"identifier":"assets/44212","relationship":"required"},{"identifier":"categories/21087","relationship":"required"}],"categories/21087":[{"identifier":"categories/7873","relationship":"required"}],"categories/7873":[],"landingPages/318597-522":[{"identifier":"primaryLandingPages/318597-522","relationship":"required"},{"identifier":"categories/7873","relationship":"required"}],"landingPages/318595-521":[{"identifier":"primaryLandingPages/318595-521","relationship":"required"},{"identifier":"dataExtensions/8b98c347-86ea-ed11-ba4b-5cba2c19db48","relationship":"required"},{"identifier":"dataExtensions/f936e17d-9d57-ee11-ba4f-5cba2c1a5e00","relationship":"required"},{"identifier":"categories/7873","relationship":"required"}],"primaryLandingPages/318597-522":[{"identifier":"cloudPageCollections/140","relationship":"required"},{"identifier":"categories/7873","relationship":"required"}],"assets/18208":[{"identifier":"categories/7873","relationship":"required"}],"assets/44212":[{"identifier":"categories/7873","relationship":"required"}],"primaryLandingPages/318595-521":[{"identifier":"cloudPageCollections/140","relationship":"required"},{"identifier":"categories/7873","relationship":"required"}],"assets/15852":[{"identifier":"categories/17030","relationship":"required"}],"categories/17030":[{"identifier":"categories/7873","relationship":"required"}],"dataExtensions/8b98c347-86ea-ed11-ba4b-5cba2c19db48":[]}