{"issues":[{"type":"UNSUPPORTED_AMPSCRIPT","level":"INFO","sourceJobType":"PACKAGE","issue":"UNRESOLVED_VARIABLE"}],"originID":"18208","originEID":"mct6rml2nry3jr00sn45m52yfvq1","data":{"assetType":{"id":4,"name":"template"},"name":"Daily Devotional Template","category":{"id":"{{mcpm#/entities/categories/7873/data/id}}"},"content":"<!--%%[ \nvar @preheader_text\nset @today = Now()\nset @todayFormatted = FormatDate(@today, \"M/D/YYYY\")\nset @de = \"daily_devotionals\"\n\n/* retrieve data from the data extension */\nset @rows = LookupRows(@de, \"date\", @todayFormatted)\nif RowCount(@rows) > 0 then\n    set @row = Row(@rows,1)\n    set @preheader_text = Field(@row, \"preheader_text\")\nelse\n    RaiseError(CONCAT(\"No daily devotional found for today \",@todayFormatted), true)\nendif\n]%%-->\n<!DOCTYPE HTML PUBLIC \"-//W3C//DTD HTML 4.01 Transitional//EN\" \"http://www.w3.org/TR/html4/loose.dtd\">\n<html>\n  <head>\n    <meta name=\"viewport\" content=\"width=device-width, initial-scale=1\">\n    <meta http-equiv=\"Content-Type\" content=\"text/html; charset=UTF-8\">\n    <style type=\"text/css\">\n      ReadMsgBody{ width: 100%;}\n      .ExternalClass {width: 100%;}\n      .ExternalClass, .ExternalClass p, .ExternalClass span, .ExternalClass font, .ExternalClass td, .ExternalClass div {line-height: 100%;}\n      body {-webkit-text-size-adjust:100%; -ms-text-size-adjust:100%;margin:0 !important;}\n      p { margin: 1em 0;}\n      table td { border-collapse: collapse;}\n      img {outline:0;}\n      a img {border:none;}\n      @-ms-viewport{ width: device-width;}\n    </style>\n    <style type=\"text/css\">\n      @media only screen and (max-width: 480px) {\n        .container {width: 100% !important;}\n        .footer { width:auto !important; margin-left:0; }\n        .mobile-hidden { display:none !important; }\n        .logo { display:block !important; padding:0 !important; }\n        img { max-width:100% !important; height:auto !important; max-height:auto !important;}\n        .header img{max-width:100% !important;height:auto !important; max-height:auto !important;}\n        .photo img { width:100% !important; max-width:100% !important; height:auto !important;}\n        .drop { display:block !important; width: 100% !important; float:left; clear:both;}\n        .footerlogo { display:block !important; width: 100% !important; padding-top:15px; float:left; clear:both;}\n        .nav4, .nav5, .nav6 { display: none !important; }\n        .tableBlock {width:100% !important;}\n        .responsive-td {width:100% !important; display:block !important; padding:0 !important; }\n        .fluid, .fluid-centered {\n          width: 100% !important;\n          max-width: 100% !important;\n          height: auto !important;\n          margin-left: auto !important;\n          margin-right: auto !important;\n        }\n        .fluid-centered {\n          margin-left: auto !important;\n          margin-right: auto !important;\n        }\n        /* MOBILE GLOBAL STYLES - DO NOT CHANGE */\nbody, .tb_properties{font-family: Arial !important; font-size: 16px !important; color: #000000 !important; line-height: 1.5 !important; padding: 0px !important; }.buttonstyles{font-family: Arial, helvetica, sans-serif !important; font-size: 16px !important; color: #FFFFFF !important; padding: 10px !important; }h1{font-family: Arial !important; font-size: 22px !important; color: #0075C9 !important; line-height: 1 !important; }h2{font-family: Arial !important; font-size: 20px !important; color: #0075C9 !important; line-height: 1 !important; }h3{font-family: Arial !important; font-size: 18px !important; color: #0075C9 !important; line-height: 1 !important; }a:not(.buttonstyles){line-height: 1 !important; }.mobile-hidden{display: none !important; }.responsive-td {width: 100% !important; display: block !important; padding: 0 !important;}\n/* END OF MOBILE GLOBAL STYLES - DO NOT CHANGE */\n      }\n      @media only screen and (max-width: 640px) {\n        .container { width:100% !important; }\n        .mobile-hidden { display:none !important; }\n        .logo { display:block !important; padding:0 !important; }\n        .photo img { width:100% !important; height:auto !important;}\n        .nav5, .nav6 { display: none !important;}\n        .fluid, .fluid-centered {\n          width: 100% !important;\n          max-width: 100% !important;\n          height: auto !important;\n          margin-left: auto !important;\n          margin-right: auto !important;\n        }\n        .fluid-centered {\n          margin-left: auto !important;\n          margin-right: auto !important;\n        }\n      }\n    </style>\n    <!--[if mso]>\n      <style type=\"text/css\">\n          /* Begin Outlook Font Fix */\n              body, table, td {\n                 font-family : Arial, helvetica, sans-serif;\n                 line-height : 150%;\n                 font-size : 16px;\n                 color : #181818;\n              }\n          /* End Outlook Font Fix */\n      </style>\n    <![endif]-->\n  <!-- start:processor:head --><!-- start:processor:body:head --><style>body{background:#fff0}.a11yHidden{max-height:0;overflow:hidden;opacity:0}table.mso{border-collapse:collapse;padding:0;table-layout:fixed}.sc-box-sizing{display:inherit}</style><style>\nu + .body .ie-form{display:block!important}@media screen and (max-width:801px) and (min-width:800px) and (orientation: landscape) and (min-device-width: 801px){u + .body .ie-form{display:none!important} }u + .body .ie-radio-check{vertical-align:top;opacity:.99;width:auto;height:auto;float:left;border-radius:initial}u + .body .ie-btn{display:block}u + .body .ie-gmailhide{display:none!important}u + .body .ie-rating-group{display:none}u + .body .ie-rating-default{display:inline;height:0;width:0;opacity:0}\nu + .body .ie-rating-group-gmail{display:block!important}u + .body .ie-rating-group-gmail input{vertical-align:middle;float:none}u + .body .ie-rating-group-gmail .ie-btn{display:inline-block}noinput{display:inline!important}.ie-radio-check{display:inline-block;opacity:0;width:0;height:0;margin:0;margin:0 0 0 -9999px;float:left;position:absolute;-webkit-appearance:none}#MessageWebViewDiv .ie-radio-check{display:block}\n.ie-radio-check:focus + .ie-btn-wrap .ie-btn,.ie-radio-check:focus + .ie-btn,.ie-radio-check:focus + .ie-frm-btn,.ie-rating-group .ie-radio-check:focus + .ie-btn,.ie-rating-default:focus + .ie-input-group .ie-rating-group > label > .ie-btn-wrap .ie-btn{outline:Highlight auto 2px;outline:-webkit-focus-ring-color auto 5px}.ie-btn-wrap,.ie-frm-btn,select,.ie-dropdown-i{cursor:pointer}.ie-frm-btni{-webkit-appearance:none;appearance:none;border:none;background:none;padding:0;border-radius:0}\n*.ie-input-wraper{display:block}*.ie-label{display:block}.ie-b-label,.ie-btn,.ie-gmail-btn-wrap{display:inline-block;vertical-align:middle;word-wrap:normal}.ie-b-label-box{width:100%;vertical-align:middle}.ie-input{display:inline-block;box-sizing:border-box}.ie-text-in{font:inherit;color:inherit;background:inherit;border:none;width:100%;height:100%;box-sizing:border-box;vertical-align:top}fieldset{border:none;padding:0;margin:0}legend{width:100%;padding:0;text-align:inherit}.ie-btn-wrap{\ndisplay:inline-block}.ie-btn-label-before{vertical-align:bottom;display:inline-block}.ie-btn-label-after{vertical-align:top;display:inline-block}.ie-rating-default{display:none}.ie-rating-default:checked{display:block}.ie-frm-btn{display:inline-block;text-align:center;font:inherit}.ie-icon{font-family:monospace;text-align:center}.ie-icon-star{font-family:arial}*.sc-cd4pt9j-ic-label-box-sizing{padding:15px 0px 5px;font-weight:bold}*.sc-text-cd4pt9j-ic-description{margin:0px;padding-top:5px;\npadding-bottom:5px}*.sc-text-cd4pt9j-ic-required{color:#ff0000;font-weight:bold;display:inline-block}.sc-block-cd4pt9j-ic-star-rating-label{display:block}*.sc-cd4pt9j-ic-star-rating-label-box-sizing{text-align:center}.ie-input-cd4pt9j-ic-text-select{width:100%;max-width:100%}.ie-input-cd4pt9j-ic-text-select .ie-text-in{height:30px;border:1px solid #cccccc }.ie-input-cd4pt9j-ic-textarea{width:100%;max-width:100%}.ie-input-cd4pt9j-ic-textarea .ie-text-in{height:80px}u + .body .ie-frm-btni{\nfont:inherit;color:inherit;opacity:1;width:auto;height:auto;float:none}u + .body .ie-frm-btn{display:none}u + .body .ie-frm-btni-cd4pt9j-ic-submit,*.ie-frm-btn-cd4pt9j-ic-submit{width:auto;margin:15px 0px;padding:5px 10px;color:#ffffff;text-decoration:none;background:#309ddd}u + .body .ie-frm-btni{background-image:linear-gradient(transparent,transparent)}\n.ie-btn-cd4pt9j-ic-star-rating,.ie-r-btn-cd4pt9j-ic-star-rating,input:checked + .ie-input-group .ie-r-btn-cd4pt9j-ic-star-rating,input:checked + .ie-btn-wrap + label .ie-r-btn-cd4pt9j-ic-star-rating{margin-right:5px;margin-left:5px;font-size:60px;color:#dcdbda;line-height:1em}.ie-rating-group-gmail label:hover .ie-r-btn-cd4pt9j-ic-star-rating,.ie-radio-check:focus + .ie-btn-cd4pt9j-ic-star-rating,.ie-btn-cd4pt9j-ic-star-rating:hover,#rebel label:hover .ie-r-btn-cd4pt9j-ic-star-rating{color:#cccccc}\n#rebel label div:hover ~* .ie-r-btn-cd4pt9j-ic-star-rating{margin-right:5px;margin-left:5px;font-size:60px!important;color:#dcdbda!important;line-height:1em!important}\n</style><style>@media only screen and (max-width:450px){.ie-btn-cd4pt9j-ic-star-rating,.ie-r-btn-cd4pt9j-ic-star-rating,input:checked + .ie-input-group .ie-r-btn-cd4pt9j-ic-star-rating,input:checked + .ie-btn-wrap + label .ie-r-btn-cd4pt9j-ic-star-rating{font-size:38px!important}#rebel label div:hover ~* .ie-r-btn-cd4pt9j-ic-star-rating{font-size:38px!important} }</style><style>\n.& input:focus,.& textarea:focus,.& button:focus,.& select:focus,.& .ie-radio-check:focus + .ie-btn-wrap .ie-btn,.& .ie-radio-check:focus + .ie-btn,.& .ie-rating-group .ie-radio-check:focus + .ie-btn,.& .ie-rating-default:focus + .ie-input-group .ie-rating-group > label > .ie-btn-wrap .ie-btn{outline:Highlight auto 5px}.& .ie-text-in{padding-top:0!important;padding-bottom:0!important;padding-right:0!important}</style><style>\n#interactive:checked+#rebel .ie-form{display:block!important}@media screen and (max-width: 800px){.& #interactive:checked+#rebel .ie-form{display:none!important} }#MessageWebViewDiv #rebel#rebel .ie-form,.edo-email-view #rebel#rebel .ie-form,.edo #rebel#rebel .ie-form,#msgBody #rebel#rebel .ie-form,.netease_mail_readhtml #interactive:checked+#rebel .ie-form,.c17637 #interactive:checked+#rebel .ie-form{display:none!important}@media (hover: hover) and (pointer: fine){\n_:-webkit-full-screen,_::-webkit-full-page-media,_:future,:root .body:not(.Singleton) #rebel#rebel .ie-form{display:none!important} }@supports (justify-content: center){.ie-icon{display:inline-flex;align-items:center;justify-content:center} }.ie-icon svg{width:1em;height:1.1em;vertical-align:text-top;margin:0 auto}body[style] > div[style^=\"margin: 16px 0\"][style$=\"font-size: 80%\"] .ie-icon svg,.ie-form:not([rebel]) .ie-icon svg{display:none}\nbody[style] > div[style^=\"margin: 16px 0\"][style$=\"font-size: 80%\"] .ie-icon-star:after,.ie-form:not([rebel]) .ie-icon-star:after{content:'\\2605'}body[style] > div[style^=\"margin: 16px 0\"][style$=\"font-size: 80%\"] .ie-icon-heart:after,.ie-form:not([rebel]) .ie-icon-heart:after{content:'\\2665'}body[style] > div[style^=\"margin: 16px 0\"][style$=\"font-size: 80%\"] .ie-icon-check:after,.ie-form:not([rebel]) .ie-icon-check:after{content:'\\2713'}\nbody[style] > div[style^=\"margin: 16px 0\"][style$=\"font-size: 80%\"] .ie-icon-cross:after,.ie-form:not([rebel]) .ie-icon-cross:after{content:'\\2715'}body[style] > div[style^=\"margin: 16px 0\"][style$=\"font-size: 80%\"] .ie-icon-square:after,.ie-form:not([rebel]) .ie-icon-square:after{content:'\\25A0'}body[style] > div[style^=\"margin: 16px 0\"][style$=\"font-size: 80%\"] .ie-icon-circle:after,.ie-form:not([rebel]) .ie-icon-circle:after{content:'\\25cf'}\ninput:checked + .ie-btn-wrap .ie-btn-cd4pt9j-ic-star-rating,input:checked + .ie-btn-cd4pt9j-ic-star-rating,#rebel input:checked + .ie-btn-wrap .ie-r-btn-cd4pt9j-ic-star-rating,.ie-r-btn-cd4pt9j-ic-star-rating{color:#309ddd}@supports (-webkit-overflow-scrolling:touch) and (color:#ffff){#rebel label:hover .ie-r-btn-cd4pt9j-ic-star-rating{color:#309ddd} }\n</style><noscript> <style>#interactive:checked+#rebel .ie-form{display:none!important}#interactive:checked+#rebel .ie-formFallback{display:block!important}</style> </noscript><!-- end:processor:body:head --><!-- end:processor:head --></head>\n  <body bgcolor=\"#EFEFEF\" text=\"#181818\" style=\"margin: 0px; -webkit-text-size-adjust:none;background-color : #EFEFEF; font-family : Arial, helvetica, sans-serif; line-height : 150%; font-size : 16px; color : #181818; padding : 0px; \" class=\"body\"><!-- start:processor:prepend --><!-- start:processor:body:prepend --><!--[if mso]><!--><input type=\"radio\" name=\"limited\" id=\"interactive\" style=\"display:none;mso-hide:all;\" checked><!--<![endif]--><div id=\"rebel\"><!-- end:processor:body:prepend --><!-- end:processor:prepend -->\n    <div style=\"font-size:0; line-height:0;\"><custom name=\"opencounter\" type=\"tracking\"><custom name=\"usermatch\" type=\"tracking\" /></div>\n    <table width=\"100%\" border=\"0\" cellpadding=\"0\" cellspacing=\"0\" align=\"center\">\n      <tr><td style=\"display:none !important;\n           visibility:hidden;\n           mso-hide:all;\n           font-size:1px;\n           color:#ffffff;\n           line-height:1px;\n           max-height:0px;\n           max-width:0px;\n           opacity:0;\n           overflow:hidden;\">\n  %%=v(@preheader_text)=%%           \n</td></tr>\n      <tr>\n        <td align=\"center\" valign=\"top\">\n          <custom type=\"header\" />\n        </td>\n      </tr>\n      <tr>\n        <td align=\"center\">\n          <table cellspacing=\"0\" cellpadding=\"0\" border=\"0\" width=\"600\" class=\"container\" align=\"center\">\n            <tr>\n              <td>\n                <table style=\"background-color : #FFFFFF; border : 0px solid transparent;font-size : 16px; font-family : Arial, helvetica, sans-serif; line-height : 150%; color : #181818; \" class=\"tb_properties border_style\" cellspacing=\"0\" cellpadding=\"0\" bgcolor=\"#FFFFFF\" width=\"100%\">\n                  <tr>\n                    <td align=\"center\" valign=\"top\">\n                      <table align=\"left\" border=\"0\" cellpadding=\"0\" cellspacing=\"0\" width=\"100%\">\n                        <tr>\n                          <td class=\"content_padding\" style=\"border:0px;\">\n                            <table border=\"0\" cellpadding=\"0\" cellspacing=\"0\" width=\"100%\">\n                              <tr>\n                                <td align=\"left\" class=\"header\" role=\"banner\" aria-label=\"header\" valign=\"top\">\n                                  <div data-type=\"slot\" data-key=\"e16dfg5ng4akq7nce889jgiudi\" data-label=\"Drop blocks or content here\">\n                                  </div>\n                                </td>\n                              </tr>\n\n\n                            </table>\n                          </td>\n                        </tr>\n                      </table>\n                    </td>\n                  </tr>\n                </table>\n              </td>\n            </tr>\n          </table>\n        </td>\n      </tr>\n      <tr>\n\n      </tr>\n    </table>\n  <!-- start:processor:append --><!-- start:processor:body:append --><svg xmlns=\"http://www.w3.org/2000/svg\" style=\"display:none\"> <symbol id=\"ie-star\"> <polygon points=\"10, 0, 3, 20, 20, 8, 0, 8, 17, 20\" fill=\"currentColor\"></polygon> </symbol> </svg></div><!-- end:processor:body:append --><!-- end:processor:append --></body>\n</html>\n","meta":{"globalStyles":{"isLocked":false,"template":{"background-color":"#FFFFFF","border":"0px solid transparent"},"body":{"background-color":"#EFEFEF","font-family":"Arial, helvetica, sans-serif","font-size":"16px","color":"#181818","line-height":"1.5","max-width":"none","padding":"0px","margin":"0px","content-padding":"10px"},"h1":{"font-family":"Arial, helvetica, sans-serif","font-size":"28px","color":"#0075C9","line-height":"1","font-weight":"bold","font-style":"normal"},"h2":{"font-family":"Arial, helvetica, sans-serif","font-size":"22px","color":"#0075C9","line-height":"1","font-weight":"bold","font-style":"normal"},"h3":{"font-family":"Arial, helvetica, sans-serif","font-size":"20px","color":"#0075C9","line-height":"1","font-weight":"bold","font-style":"normal"},"links":{"font-weight":"normal","color":"#0075C9","text-decoration":"underline"},"buttons":{"font-family":"Arial, helvetica, sans-serif","font-size":"16px","color":"#FFFFFF","background-color":"#0075C9","border-radius":"3px","padding":"10px","border":"1px solid #0075C9"},"mobile":{"template":{},"body":{"font-family":"Arial","font-size":"16px","color":"#808080","line-height":"1.5","padding":"0px"},"h1":{"font-family":"Arial","font-size":"22px","color":"#0075C9","line-height":"1"},"h2":{"font-family":"Arial","font-size":"20px","color":"#0075C9","line-height":"1"},"h3":{"font-family":"Arial","font-size":"18px","color":"#0075C9","line-height":"1"},"links":{"line-height":1},"buttons":{"font-family":"Arial, helvetica, sans-serif","font-size":"16px","color":"#FFFFFF","padding":"10px"}}}},"slots":{"e16dfg5ng4akq7nce889jgiudi":{"contentType":"text/html; charset=utf-8","locked":false,"thumbnail":{},"content":"<table cellpadding=\"0\" cellspacing=\"0\" width=\"100%\" role=\"presentation\" style=\"background-color: transparent; border: 0px solid transparent; min-width: 100%; \" class=\"slot-styling\"><tr><td style=\"padding: 0px; \" class=\"slot-styling camarker-inner\"></td></tr></table>","design":"<p style=\"font-family: arial; color: #CCCCCC; font-size: 12px; font-weight: bold; text-align: center; display: flex; flex-direction: column; justify-content: center; height: 150px; padding: 10px; margin: 0; border: 1px dashed #CCCCCC;\">Drop blocks or content here</p>","meta":{"wrapperStyles":{"mobile":{"visible":true,"columnOrder":"ltr"},"styling":{"padding":"0px","background-color":"transparent","margin":"0px","border":"0px solid transparent"}}},"blocks":{},"maxBlocks":0,"allowedBlocks":[],"slots":{},"modelVersion":2}},"fileProperties":{"fileName":"Devotional Template"}}}